asset,bucket5_utc,rows,mean_gap_bps,mean_abs_gap_bps,max_abs_gap_bps,seconds_abs_gap_gt_5bps,strict_signal_seconds,hyper_expensive_pct,pct_seconds_abs_gap_gt_5bps
SILVER,2026-04-24 04:05:00+00:00,300,-6.393718239567111,6.393718239567111,8.305548025964171,294,1,0.0,98.0
SILVER,2026-04-24 04:10:00+00:00,300,-5.81544531383887,5.81544531383887,7.170945330715606,287,0,0.0,95.66666666666667
SILVER,2026-04-24 04:45:00+00:00,300,-5.94338210622793,5.94338210622793,7.8410141044915616,280,0,0.0,93.33333333333333
SILVER,2026-04-24 04:40:00+00:00,300,-5.946196219899206,5.946196219899206,7.978235107571896,270,0,0.0,90.0
SILVER,2026-04-24 04:15:00+00:00,298,-5.580669371512759,5.580669371512759,7.008831127219839,265,0,0.0,88.9261744966443
SILVER,2026-04-24 04:35:00+00:00,299,-5.582319131469727,5.582319131469727,8.246766786247361,239,1,0.0,79.93311036789298
SILVER,2026-04-25 07:45:00+00:00,232,-11.799101538994647,11.799101538994647,12.098630888847106,232,232,0.0,100.0
SILVER,2026-04-24 04:50:00+00:00,298,-5.262133069345678,5.262133069345678,6.854155689914876,229,0,0.0,76.84563758389261
SILVER,2026-04-24 04:20:00+00:00,298,-5.465383248104543,5.465383248104543,7.224497590274659,224,0,0.0,75.16778523489933
SILVER,2026-04-24 04:30:00+00:00,300,-5.655387976038351,5.655387976038351,7.9398152638421315,222,0,0.0,74.0
WTI,2026-04-25 07:45:00+00:00,221,7.470435131331639,7.470435131331639,8.479664605562931,221,21,100.0,100.0
SILVER,2026-04-24 02:35:00+00:00,205,-6.929170125319675,6.929170125319675,8.571314666916408,205,3,0.0,100.0
SILVER,2026-04-24 02:40:00+00:00,197,-6.632473645211149,6.632473645211149,9.245521513310262,194,3,0.0,98.47715736040608
WTI,2026-04-23 12:15:00+00:00,298,-4.957536755223987,4.989812292681977,11.887715127117948,151,20,1.006711409395973,50.671140939597315
WTI,2026-04-23 11:25:00+00:00,298,-4.861895498954149,4.861895498954149,10.911161852449336,137,5,0.0,45.97315436241611
SILVER,2026-04-24 04:00:00+00:00,138,-5.995897151567166,5.995897151567166,7.555508941351485,134,0,0.0,97.10144927536231
SILVER,2026-04-24 04:55:00+00:00,298,-4.746414936714458,4.746414936714458,5.996042611874364,127,0,0.0,42.61744966442953
WTI,2026-04-23 12:25:00+00:00,290,-4.795964815760164,4.795964815760164,9.19705909244839,122,9,0.0,42.06896551724138
SILVER,2026-04-24 03:15:00+00:00,300,-4.90293576089497,4.90293576089497,6.574797677971755,118,0,0.0,39.33333333333333
WTI,2026-04-23 12:20:00+00:00,298,-4.558297693853031,4.593276215147033,8.754074941327294,115,6,0.6711409395973155,38.59060402684564
SILVER,2026-04-24 03:20:00+00:00,300,-4.8386084008431025,4.8386084008431025,7.264751147251225,115,0,0.0,38.333333333333336
WTI,2026-04-23 12:30:00+00:00,298,-4.214593014246245,4.2507408198153485,9.104426151790301,112,5,2.013422818791946,37.58389261744966
WTI,2026-04-23 12:10:00+00:00,300,-4.060417600699513,4.189186988024529,10.685144411346492,104,9,4.0,34.66666666666667
SILVER,2026-04-24 04:25:00+00:00,299,-4.7186693474624235,4.7186693474624235,6.42204903502086,97,0,0.0,32.441471571906355
SILVER,2026-04-24 03:35:00+00:00,300,-4.677312527179182,4.677312527179182,7.114391006131093,95,0,0.0,31.666666666666664
WTI,2026-04-23 12:05:00+00:00,271,-4.13223286309644,4.386842989716662,11.089995854709489,93,12,4.059040590405904,34.31734317343174
SILVER,2026-04-24 03:10:00+00:00,300,-4.6956954004776215,4.6956954004776215,7.545463423900278,93,0,0.0,31.0
SILVER,2026-04-25 07:40:00+00:00,89,-11.825862079522114,11.825862079522114,12.296536519526002,89,89,0.0,100.0
WTI,2026-04-25 07:40:00+00:00,89,8.354697403556333,8.354697403556333,8.84867190915184,89,89,100.0,100.0
WTI,2026-04-23 11:15:00+00:00,296,-4.280125386841294,4.290542890201123,10.42458926586387,84,6,0.33783783783783783,28.37837837837838
WTI,2026-04-23 11:20:00+00:00,297,-3.9353965507849797,3.9353965507849797,7.291927251049657,84,0,0.0,28.28282828282828
WTI,2026-04-23 11:50:00+00:00,300,-4.168493412984668,4.182801070703468,8.751520843560678,81,5,0.6666666666666667,27.0
WTI,2026-04-24 05:15:00+00:00,290,-4.491355653474365,4.491355653474365,6.603955093106295,75,0,0.0,25.862068965517242
WTI,2026-04-23 11:05:00+00:00,231,-4.383936802052162,4.383936802052162,9.46340374176624,74,2,0.0,32.03463203463203
BRENTOIL,2026-04-23 12:45:00+00:00,298,3.423554537647767,4.040124908331346,22.175344721137023,73,22,90.93959731543623,24.496644295302016
WTI,2026-04-24 05:20:00+00:00,210,-4.364007762428676,4.364007762428676,6.970489858978413,72,0,0.0,34.285714285714285
SILVER,2026-04-24 03:25:00+00:00,300,-4.611991578318701,4.611991578318701,9.119309520840835,68,1,0.0,22.666666666666664
WTI,2026-04-23 09:00:00+00:00,298,-3.6174669953288228,3.626985919458598,12.272717695889224,65,3,1.006711409395973,21.812080536912752
WTI,2026-04-23 11:40:00+00:00,271,-3.9242570496205635,3.9660454884231786,9.388218852183217,63,4,1.8450184501845017,23.247232472324722
WTI,2026-04-23 11:45:00+00:00,300,-3.671436324362698,3.754232458752286,9.830320126511527,62,3,2.3333333333333335,20.666666666666668
WTI,2026-04-23 08:55:00+00:00,297,-3.646892175773356,3.646892175773356,6.856142312418045,60,0,0.0,20.2020202020202
SILVER,2026-04-24 03:00:00+00:00,299,-4.42494727230725,4.42494727230725,8.363486721634228,52,1,0.0,17.391304347826086
WTI,2026-04-23 12:45:00+00:00,296,-1.638773669907358,2.7838857558747963,15.796519410976595,51,8,28.37837837837838,17.22972972972973
GOLD,2026-04-23 12:15:00+00:00,299,4.246297442488297,4.246297442488297,6.30211670758829,50,0,100.0,16.722408026755854
WTI,2026-04-23 11:55:00+00:00,299,-3.2371264823311674,3.3182104189375905,8.633402150307612,49,4,2.6755852842809364,16.387959866220736
SILVER,2026-04-24 03:30:00+00:00,300,-4.344344267591508,4.344344267591508,7.331887433492668,48,0,0.0,16.0
SILVER,2026-04-24 03:05:00+00:00,300,-4.283487763933869,4.283487763933869,7.467621952805814,46,0,0.0,15.333333333333332
WTI,2026-04-23 11:00:00+00:00,269,-3.6321505981303988,3.6519599800958216,9.265471740311781,43,1,0.7434944237918215,15.985130111524162
WTI,2026-04-24 05:05:00+00:00,296,-3.9825337588961376,3.9825337588961376,9.059999062759339,40,1,0.0,13.513513513513514
WTI,2026-04-23 12:50:00+00:00,300,-2.1766368949169355,2.73529524921274,11.764142255628052,39,3,20.666666666666668,13.0
BRENTOIL,2026-04-23 12:20:00+00:00,300,3.3733465510192997,3.4289752981678876,10.821726298348988,37,2,97.33333333333334,12.333333333333334
WTI,2026-04-23 12:00:00+00:00,300,-2.643114917600886,2.7881703186064937,9.035755776429788,37,1,10.333333333333334,12.333333333333334
BRENTOIL,2026-04-23 12:40:00+00:00,300,3.6305825746399325,3.6388839132307838,8.669920049839686,37,3,99.66666666666667,12.333333333333334
WTI,2026-04-23 13:00:00+00:00,300,-2.2719344763110327,2.808919467761025,9.12168869286134,34,1,16.0,11.333333333333332
WTI,2026-04-23 12:35:00+00:00,298,-3.053336502630713,3.1113715188193853,9.333239821104344,31,1,3.3557046979865772,10.40268456375839
WTI,2026-04-24 03:35:00+00:00,296,-3.3857289154712573,3.3885284977175845,7.240680210187644,31,0,0.33783783783783783,10.472972972972974
WTI,2026-04-24 03:10:00+00:00,296,-3.8310510586606177,3.8310510586606177,6.316367156962155,30,0,0.0,10.135135135135135
WTI,2026-04-23 09:20:00+00:00,298,-2.8285014453289463,2.8979734168029063,7.133006800132957,28,0,3.0201342281879198,9.395973154362416
WTI,2026-04-23 08:15:00+00:00,121,-3.695273233075757,3.695273233075757,6.642858661224382,25,0,0.0,20.66115702479339
BRENTOIL,2026-04-23 12:25:00+00:00,294,3.7117640607402165,3.726574506620964,7.624481327801469,24,0,98.9795918367347,8.16326530612245
GOLD,2026-04-23 10:05:00+00:00,300,1.8189069598743333,1.9243753423109171,6.7605333901155085,24,0,92.66666666666666,8.0
WTI,2026-04-23 13:10:00+00:00,299,-2.697720633674948,2.9550852775913246,12.197992681204362,23,2,6.354515050167224,7.6923076923076925
WTI,2026-04-24 03:15:00+00:00,298,-3.8397616194078616,3.8397616194078616,8.499743452866637,23,1,0.0,7.718120805369128
WTI,2026-04-23 12:55:00+00:00,298,-2.273691451563087,2.510590242836342,8.751847760541942,22,1,13.087248322147651,7.38255033557047
WTI,2026-04-23 09:25:00+00:00,265,-3.2202205699622075,3.301657128116574,10.038887479921765,21,2,2.6415094339622645,7.9245283018867925
WTI,2026-04-24 05:10:00+00:00,288,-3.632741840871343,3.632741840871343,6.654293839059022,20,0,0.0,6.944444444444445
WTI,2026-04-24 03:25:00+00:00,300,-2.6595900408862985,2.804799746397435,17.884809350010578,19,1,1.6666666666666667,6.333333333333334
WTI,2026-04-23 11:30:00+00:00,34,-5.41554225859246,5.41554225859246,10.515582180868899,19,4,0.0,55.88235294117647
GOLD,2026-04-23 12:00:00+00:00,300,3.6067418866796834,3.6111844835679676,6.218787082690191,18,0,99.66666666666667,6.0
GOLD,2026-04-23 12:10:00+00:00,300,4.224245026710697,4.224245026710697,5.930489587815391,18,0,100.0,6.0
WTI,2026-04-23 09:15:00+00:00,299,-2.5353913922665505,2.6663301337539105,7.125477011100667,17,0,5.351170568561873,5.68561872909699
BRENTOIL,2026-04-23 09:25:00+00:00,268,3.1463859275360053,3.167325411839653,9.38105434893588,16,2,99.25373134328358,5.970149253731343
GOLD,2026-04-23 11:55:00+00:00,299,3.239461158726681,3.239461158726681,5.468685417051589,15,0,100.0,5.016722408026756
BRENTOIL,2026-04-23 12:05:00+00:00,275,1.6679900528594773,2.197106532432371,30.446549391069944,14,6,85.45454545454545,5.090909090909091
SILVER,2026-04-23 11:40:00+00:00,271,-3.668062116828975,3.668062116828975,8.22042198166173,14,1,0.0,5.166051660516605
SILVER,2026-04-23 11:45:00+00:00,300,-3.541054133786707,3.541054133786707,7.440723344604994,14,0,0.0,4.666666666666667
SILVER,2026-04-24 05:00:00+00:00,297,-2.617147002221013,2.617147002221013,5.683731616056287,14,0,0.0,4.713804713804714
BRENTOIL,2026-04-23 12:30:00+00:00,300,2.8180497639320548,2.845734053316551,8.677578591842483,13,1,98.66666666666667,4.333333333333334
SILVER,2026-04-23 11:50:00+00:00,300,-3.644733704583991,3.644733704583991,6.830750435121713,13,0,0.0,4.333333333333334
GOLD,2026-04-23 12:20:00+00:00,300,3.872773320325503,3.872773320325503,6.47938804135384,13,0,100.0,4.333333333333334
GOLD,2026-04-24 01:20:00+00:00,181,3.179449839914985,3.179449839914985,5.751592851015452,13,0,100.0,7.18232044198895
BRENTOIL,2026-04-23 12:15:00+00:00,299,2.199614667595667,2.2809455498784326,9.322431123379715,12,3,95.31772575250837,4.013377926421405
WTI,2026-04-23 13:05:00+00:00,300,-1.9438720346012315,2.281377961309701,9.800823697641015,11,1,15.666666666666668,3.6666666666666665
SILVER,2026-04-24 02:55:00+00:00,33,-4.668414819588506,4.668414819588506,5.706572946584387,11,0,0.0,33.33333333333333
BRENTOIL,2026-04-23 09:20:00+00:00,300,2.4468386096004324,2.472661318177275,9.17244190786759,10,1,97.66666666666667,3.3333333333333335
BRENTOIL,2026-04-23 12:10:00+00:00,300,1.1725527998389256,1.5314620159308956,8.061580069693708,10,1,78.66666666666666,3.3333333333333335
WTI,2026-04-23 10:55:00+00:00,216,-2.409069320796646,2.5582121513110043,14.847375367192939,9,1,5.092592592592593,4.166666666666666
WTI,2026-04-23 10:45:00+00:00,300,-2.70080682830088,2.786524534960918,10.26487613363325,9,1,3.6666666666666665,3.0
GOLD,2026-04-23 12:45:00+00:00,298,3.2590764764673827,3.2641765361678243,8.162558460496072,9,1,99.66442953020133,3.0201342281879198
BRENTOIL,2026-04-23 13:00:00+00:00,300,1.2434582321490935,1.6212130941022584,6.761988334280655,9,0,80.0,3.0
WTI,2026-04-23 10:15:00+00:00,300,-2.278671036140656,2.4870702967612663,6.757969652493312,9,0,13.0,3.0
BRENTOIL,2026-04-23 11:45:00+00:00,300,2.233993494918085,2.300313826540249,6.493841158583535,9,0,96.33333333333334,3.0
BRENTOIL,2026-04-23 11:55:00+00:00,300,2.1332638107434354,2.236136075907343,10.5833763551888,8,1,95.0,2.666666666666667
BRENTOIL,2026-04-23 09:15:00+00:00,299,1.8540276992815605,1.9221626657769115,6.729543716543773,8,0,95.9866220735786,2.6755852842809364
WTI,2026-04-23 10:00:00+00:00,299,-2.48858059078351,2.532670467375575,6.697499775869531,8,0,4.3478260869565215,2.6755852842809364
GOLD,2026-04-24 03:30:00+00:00,300,2.2885463679237312,2.297885072212872,5.230780092229104,8,0,99.0,2.666666666666667
BRENTOIL,2026-04-23 12:50:00+00:00,300,0.8374700870334132,1.4243624577703007,9.11384583698105,7,1,78.0,2.3333333333333335
BRENTOIL,2026-04-23 11:40:00+00:00,271,2.346117735495182,2.3749810262091464,9.018294254057313,7,1,97.04797047970479,2.5830258302583027
WTI,2026-04-23 13:15:00+00:00,223,-1.4587576257199195,2.217853603580568,6.987784712220169,7,0,18.83408071748879,3.1390134529147984
GOLD,2026-04-23 12:05:00+00:00,274,3.78576703672332,3.78576703672332,5.9337280705462625,7,0,100.0,2.5547445255474455
WTI,2026-04-23 10:25:00+00:00,300,-1.9945235886108488,2.065179978904715,9.316605791116483,6,1,6.666666666666667,2.0
SILVER,2026-04-23 10:20:00+00:00,279,-1.4820180098613898,1.8239675534798094,8.767077676576918,6,1,5.734767025089606,2.1505376344086025
SILVER,2026-04-23 12:45:00+00:00,297,1.4456602174005113,1.5576165906550985,8.10670903425903,6,1,92.5925925925926,2.0202020202020203
WTI,2026-04-23 08:40:00+00:00,118,-2.5303811843206847,2.550079556175184,7.329715933959147,6,0,2.5423728813559325,5.084745762711865
WTI,2026-04-23 09:10:00+00:00,296,-2.747086792960455,2.800928446162806,7.131582949223558,6,0,2.364864864864865,2.027027027027027
GOLD,2026-04-23 12:30:00+00:00,300,3.3971766436957798,3.3971766436957798,6.9846843386911495,6,0,100.0,2.0
WTI,2026-04-24 04:50:00+00:00,290,-1.932225220563152,1.945136555686756,6.602650418254807,6,0,1.7241379310344827,2.0689655172413794
WTI,2026-04-23 09:05:00+00:00,293,-2.649448708567494,2.70915615522472,5.6067028919060125,6,0,3.4129692832764507,2.04778156996587
BRENTOIL,2026-04-23 13:15:00+00:00,225,1.8865911231016084,1.977968648624974,8.283597448033309,5,1,94.66666666666667,2.2222222222222223
BRENTOIL,2026-04-23 11:50:00+00:00,300,1.9944400857545599,2.11339142661651,7.4846435761122265,5,0,93.33333333333333,1.6666666666666667
WTI,2026-04-23 09:30:00+00:00,220,-1.667551712733397,1.810153328438858,7.150461602022373,5,0,13.636363636363635,2.272727272727273
WTI,2026-04-23 09:35:00+00:00,298,-1.1280807543856595,1.3123605402703964,6.829841642974621,5,0,18.456375838926174,1.6778523489932886
WTI,2026-04-24 03:30:00+00:00,300,-2.8162684175978594,2.871580067620498,6.685461970604711,5,0,5.333333333333334,1.6666666666666667
WTI,2026-04-23 09:50:00+00:00,300,-1.7795134364141483,1.8277090189651513,5.958909888625907,5,0,5.333333333333334,1.6666666666666667
SILVER,2026-04-24 02:30:00+00:00,6,-5.473849260415979,5.473849260415979,5.822418235522653,5,0,0.0,83.33333333333334
WTI,2026-04-23 12:40:00+00:00,300,-2.0572089741466923,2.1696567393452493,5.765676443170165,5,0,7.666666666666666,1.6666666666666667
SILVER,2026-04-23 11:55:00+00:00,299,-3.541107712492891,3.541107712492891,5.416347847249092,5,0,0.0,1.6722408026755853
BRENTOIL,2026-04-23 11:00:00+00:00,271,2.417130896969859,2.4668134211141357,10.539303891832219,4,1,98.8929889298893,1.4760147601476015
BRENTOIL,2026-04-23 10:40:00+00:00,299,2.456021885624313,2.477572268183997,7.817689438454067,4,0,98.99665551839465,1.3377926421404682
WTI,2026-04-23 10:30:00+00:00,299,-2.531707625624846,2.552646825559946,7.635004374220156,4,0,2.341137123745819,1.3377926421404682
BRENTOIL,2026-04-23 13:05:00+00:00,300,1.678566165907617,1.8015915459627627,7.584356619545485,4,0,93.0,1.3333333333333335
WTI,2026-04-23 10:40:00+00:00,299,-2.180213418745922,2.3355945943831484,7.34913132210413,4,0,6.354515050167224,1.3377926421404682
SILVER,2026-04-23 09:05:00+00:00,293,-2.578015558231382,2.6164270573071042,7.00561445215131,4,0,1.023890784982935,1.3651877133105803
BRENTOIL,2026-04-24 04:55:00+00:00,296,1.964631463708752,2.0010211317520046,7.002871681192069,4,0,95.94594594594594,1.3513513513513513
WTI,2026-04-23 10:35:00+00:00,296,-2.0638704614438157,2.1100727148214826,6.618343931508175,4,0,5.405405405405405,1.3513513513513513
BRENTOIL,2026-04-24 03:00:00+00:00,298,3.351727755801906,3.3759307316598814,6.5621399589232965,4,0,98.99328859060402,1.342281879194631
BRENTOIL,2026-04-24 04:45:00+00:00,299,2.2360400805236136,2.241085054787511,6.4889336016094035,4,0,99.66555183946488,1.3377926421404682
BRENTOIL,2026-04-23 10:10:00+00:00,300,2.9009235628635035,2.9009235628635035,6.317183758723921,4,0,100.0,1.3333333333333335
WTI,2026-04-23 10:20:00+00:00,279,-2.098712164832406,2.3402180372287202,5.969644621244274,4,0,14.336917562724013,1.4336917562724014
BRENTOIL,2026-04-23 10:55:00+00:00,218,1.8353736426836287,1.8824401123887529,9.946677604595333,3,0,94.4954128440367,1.3761467889908259
BRENTOIL,2026-04-23 11:15:00+00:00,296,1.8157730296863064,1.929965782192965,8.013561411619463,3,1,94.5945945945946,1.0135135135135136
SILVER,2026-04-23 13:10:00+00:00,299,1.5618809074179263,1.5842470819527574,7.442426021238013,3,0,98.32775919732441,1.0033444816053512
BRENTOIL,2026-04-23 12:55:00+00:00,299,1.4561164046766883,1.71579797844746,6.902235500154674,3,0,86.95652173913044,1.0033444816053512
BRENTOIL,2026-04-23 10:00:00+00:00,300,2.108877749260933,2.1200784485487416,6.723031476010277,3,0,98.33333333333333,1.0
BRENTOIL,2026-04-24 02:35:00+00:00,200,2.954146343525815,2.9751714988438374,6.609914872308664,3,0,99.0,1.5
BRENTOIL,2026-04-23 12:35:00+00:00,300,2.6981056201532385,2.723746216418458,6.299458558933768,3,0,99.33333333333333,1.0
BRENTOIL,2026-04-24 03:20:00+00:00,300,2.237074342371374,2.2538049870741816,5.925777130517673,3,0,98.66666666666667,1.0
WTI,2026-04-24 03:20:00+00:00,296,-1.9702731090059333,2.0403865238442824,5.648282973795826,3,0,5.0675675675675675,1.0135135135135136
WTI,2026-04-23 10:05:00+00:00,300,-1.7154931489277419,1.9128784502471277,5.484682442160604,3,0,14.333333333333334,1.0
WTI,2026-04-23 10:10:00+00:00,298,-2.2094129105583438,2.2922618816025877,5.16058367254546,3,0,4.026845637583892,1.006711409395973
BRENTOIL,2026-04-24 03:25:00+00:00,299,0.824733355947163,1.1082627830797696,23.70169082125617,2,2,75.58528428093646,0.6688963210702341
BRENTOIL,2026-04-23 10:45:00+00:00,298,0.9104295142907738,1.037418916925824,8.384886752901277,2,1,81.87919463087249,0.6711409395973155
SILVER,2026-04-23 12:15:00+00:00,298,-0.4586106499714203,0.737580704888886,8.082586009682258,2,1,32.21476510067114,0.6711409395973155
BRENTOIL,2026-04-23 13:10:00+00:00,300,1.395080285439517,1.6415860827118915,7.143224215017119,2,0,91.0,0.6666666666666667
SILVER,2026-04-23 09:15:00+00:00,299,-1.6019272979032508,1.6044103634316336,6.665099969859201,2,0,0.6688963210702341,0.6688963210702341
BRENTOIL,2026-04-23 09:35:00+00:00,298,2.4790516186502827,2.4817950635989483,6.543967280163709,2,0,99.32885906040269,0.6711409395973155
WTI,2026-04-23 11:10:00+00:00,33,-2.9304766446570554,2.9304766446570554,6.487912274918406,2,0,0.0,6.0606060606060606
BRENTOIL,2026-04-23 11:25:00+00:00,296,1.6207363900834604,1.6690024836742259,6.318384959163037,2,0,98.64864864864865,0.6756756756756757
BRENTOIL,2026-04-23 10:35:00+00:00,297,2.4066139813782876,2.4234842881407217,6.084777828909704,2,0,99.66329966329967,0.6734006734006733
WTI,2026-04-24 03:00:00+00:00,299,-1.3605831591716704,1.4434207739458444,6.061077006760396,2,0,13.043478260869565,0.6688963210702341
GOLD,2026-04-23 13:10:00+00:00,300,2.3652818239386253,2.3652818239386253,5.861094183763349,2,0,100.0,0.6666666666666667
GOLD,2026-04-23 10:10:00+00:00,300,2.278634881775362,2.2825426374269466,5.780297504021092,2,0,99.66666666666667,0.6666666666666667
SILVER,2026-04-23 12:05:00+00:00,273,-0.39002754188210287,0.995545097016491,5.777539110126684,2,0,41.75824175824176,0.7326007326007326
BRENTOIL,2026-04-24 03:15:00+00:00,296,2.1282248563470274,2.134655673050473,5.766723498144,2,0,99.32432432432432,0.6756756756756757
WTI,2026-04-23 09:55:00+00:00,298,-2.4125449327940225,2.4961059302992643,5.692389591360758,2,0,6.375838926174497,0.6711409395973155
SILVER,2026-04-23 11:00:00+00:00,269,-0.9122049922485339,1.072636555498762,5.657496249562577,2,0,8.921933085501859,0.7434944237918215
WTI,2026-04-24 03:05:00+00:00,299,-2.245678531534692,2.246024668748953,5.588529026715472,2,0,0.33444816053511706,0.6688963210702341
BRENTOIL,2026-04-23 09:00:00+00:00,298,1.317484725815244,1.6159023719880203,5.588011176022034,2,0,85.23489932885906,0.6711409395973155
SILVER,2026-04-23 08:40:00+00:00,118,-3.509817795205383,3.509817795205383,5.4663942041710545,2,0,0.0,1.694915254237288
BRENTOIL,2026-04-23 10:05:00+00:00,297,2.1134958581609244,2.120010077990564,5.447787790846537,2,0,98.65319865319864,0.6734006734006733
GOLD,2026-04-23 12:35:00+00:00,300,3.1503137748579637,3.1503137748579637,5.361692606140611,2,0,100.0,0.6666666666666667
SILVER,2026-04-23 10:10:00+00:00,300,-1.917205492834891,2.0119033880028376,5.245837824290334,2,0,4.666666666666667,0.6666666666666667
GOLD,2026-04-23 10:40:00+00:00,300,2.6373231392273615,2.6373231392273615,5.2318698660269725,2,0,100.0,0.6666666666666667
GOLD,2026-04-23 10:20:00+00:00,279,2.7521294058172003,2.7573260769664496,5.1742992025172185,2,0,97.84946236559139,0.7168458781362007
BRENTOIL,2026-04-24 04:20:00+00:00,291,0.743638311575103,2.2144420623373855,10.79100582212389,1,1,64.26116838487972,0.3436426116838488
SILVER,2026-04-23 12:50:00+00:00,300,0.8373305869435521,0.8918521669376936,10.199250576805596,1,1,91.33333333333333,0.33333333333333337
WTI,2026-04-24 04:00:00+00:00,135,-1.6272996341730328,1.6954872991423238,8.843653514964966,1,1,5.185185185185185,0.7407407407407408
BRENTOIL,2026-04-23 09:30:00+00:00,227,2.610344186353121,2.6513226781154366,8.286021175387681,1,1,98.23788546255507,0.4405286343612335
SILVER,2026-04-23 13:00:00+00:00,300,0.7367733108949337,1.0012904023410742,7.861619883851034,1,0,84.33333333333334,0.33333333333333337
BRENTOIL,2026-04-24 04:10:00+00:00,284,-0.6849685192564862,1.5307082894527673,7.376925779094545,1,0,39.7887323943662,0.35211267605633806
GOLD,2026-04-24 04:25:00+00:00,299,2.0082095433900737,2.0327330684206912,6.671114076051143,1,0,97.9933110367893,0.33444816053511706
BRENTOIL,2026-04-23 11:30:00+00:00,34,1.4682432680045234,1.7884153716949664,6.626258475446178,1,0,88.23529411764706,2.941176470588235
BRENTOIL,2026-04-23 09:10:00+00:00,297,1.2750869742823197,1.477290439047546,5.764854614411785,1,0,80.47138047138047,0.33670033670033667
WTI,2026-04-24 04:10:00+00:00,295,1.1349096527502045,1.374773385835525,5.750907969928054,1,0,79.3220338983051,0.3389830508474576
BRENTOIL,2026-04-23 12:00:00+00:00,300,1.3365162577819316,1.518192810945714,5.7382133995043105,1,0,91.33333333333333,0.33333333333333337
SILVER,2026-04-23 09:00:00+00:00,298,-2.71043574623778,2.7126537194148472,5.704634916600115,1,0,0.33557046979865773,0.33557046979865773
GOLD,2026-04-23 11:25:00+00:00,300,2.105048148426536,2.105048148426536,5.639017746947861,1,0,100.0,0.33333333333333337
BRENTOIL,2026-04-24 05:05:00+00:00,295,-1.3101919433335376,1.3573190329367466,5.638908468431625,1,0,4.406779661016949,0.3389830508474576
BRENTOIL,2026-04-23 09:45:00+00:00,299,2.186154289633315,2.1967139779849973,5.611958573543685,1,0,98.99665551839465,0.33444816053511706
BRENTOIL,2026-04-24 04:35:00+00:00,285,2.8233809232066545,2.8233809232066545,5.523197429202487,1,0,100.0,0.3508771929824561
SILVER,2026-04-23 11:15:00+00:00,299,-0.7649315836151791,1.1363757309689448,5.361513968384912,1,0,27.424749163879596,0.33444816053511706
GOLD,2026-04-24 03:10:00+00:00,300,2.839032611854571,2.8594346293771298,5.214004366060898,1,0,97.0,0.33333333333333337
WTI,2026-04-24 04:20:00+00:00,293,-0.3393220674958662,1.0533077252884577,5.185242798995127,1,0,39.59044368600683,0.3412969283276451
BRENTOIL,2026-04-23 08:15:00+00:00,121,1.5792603099408853,1.6174715301076792,5.184804928131115,1,0,92.56198347107438,0.8264462809917356
WTI,2026-04-23 08:50:00+00:00,34,-1.5810322066987221,1.944255909180707,5.172268197939367,1,0,8.823529411764707,2.941176470588235
SILVER,2026-04-23 12:00:00+00:00,300,-1.515438816732854,1.5450394923181971,5.1673515772310274,1,0,3.6666666666666665,0.33333333333333337
GOLD,2026-04-24 01:15:00+00:00,72,2.729300674423464,2.729300674423464,5.15274981540248,1,0,100.0,1.3888888888888888
SILVER,2026-04-23 11:30:00+00:00,34,-3.029229619876231,3.029229619876231,5.137214531285572,1,0,0.0,2.941176470588235
BRENTOIL,2026-04-23 10:15:00+00:00,297,1.607176348045016,1.6233159870423026,5.098659052669152,1,0,97.3063973063973,0.33670033670033667
SILVER,2026-04-23 10:35:00+00:00,300,-1.4832642097886855,1.4979086970757227,5.096661753790643,1,0,2.3333333333333335,0.33333333333333337
SILVER,2026-04-23 12:25:00+00:00,292,1.1460088543005889,1.1918171060220928,5.073388058105532,1,0,93.4931506849315,0.3424657534246575
BRENTOIL,2026-04-24 04:05:00+00:00,287,-1.8037075018489193,1.8474000589420336,5.06468759402301,1,0,2.4390243902439024,0.34843205574912894
WTI,2026-04-23 09:45:00+00:00,300,-1.3441807042088676,1.5818902776187915,5.06289059409859,1,0,15.666666666666668,0.33333333333333337
BRENTOIL,2026-04-24 02:40:00+00:00,196,2.3549220195121805,2.357987382241657,5.056320400500525,1,0,98.9795918367347,0.5102040816326531
GOLD,2026-04-23 10:45:00+00:00,300,2.5299149043220464,2.5299149043220464,4.997224356195762,0,0,100.0,0.0
SILVER,2026-04-23 11:25:00+00:00,299,-2.5044950743918752,2.5261882435450187,4.9885784290149005,0,0,0.33444816053511706,0.0
GOLD,2026-04-23 11:20:00+00:00,299,1.5603350894092494,1.5606905928285868,4.986809940870085,0,0,99.33110367892976,0.0
WTI,2026-04-23 10:50:00+00:00,296,-1.8877012467160437,1.978678716814532,4.976230558290107,0,0,10.135135135135135,0.0
BRENTOIL,2026-04-24 04:40:00+00:00,281,2.1048471650161495,2.1048471650161495,4.970877686281128,0,0,100.0,0.0
BRENTOIL,2026-04-24 03:30:00+00:00,300,2.033754266796014,2.0946396811258836,4.9616599007662465,0,0,96.66666666666667,0.0
BRENTOIL,2026-04-23 11:20:00+00:00,299,1.7288668517971,1.7515873345909394,4.936240230357658,0,0,97.9933110367893,0.0
SILVER,2026-04-23 09:20:00+00:00,299,-1.303984066365609,1.3080627871690598,4.915452231554207,0,0,1.0033444816053512,0.0
BRENTOIL,2026-04-24 05:00:00+00:00,295,-0.13292555004902265,0.6089251930053737,4.8864037076212785,0,0,39.66101694915255,0.0
SILVER,2026-04-23 09:50:00+00:00,300,-1.6823781829853484,1.684631810165138,4.852528220234964,0,0,0.33333333333333337,0.0
BRENTOIL,2026-04-23 08:40:00+00:00,118,1.8152681598857203,1.834271463958339,4.846691495332678,0,0,96.61016949152543,0.0
SILVER,2026-04-24 03:40:00+00:00,28,-4.252788444252888,4.252788444252888,4.8444801912739255,0,0,0.0,0.0
GOLD,2026-04-23 12:25:00+00:00,294,3.359561122724745,3.359561122724745,4.837796499885805,0,0,100.0,0.0
WTI,2026-04-24 04:45:00+00:00,297,-1.6045620000053054,1.7169160939284427,4.835640228366689,0,0,8.754208754208754,0.0
GOLD,2026-04-23 10:50:00+00:00,298,2.665108621596358,2.665108621596358,4.8168222187650045,0,0,100.0,0.0
GOLD,2026-04-24 03:00:00+00:00,300,2.668615487753375,2.668615487753375,4.813966922698754,0,0,100.0,0.0
BRENTOIL,2026-04-24 03:05:00+00:00,295,2.304995287577824,2.320945970029023,4.805045297562316,0,0,97.28813559322033,0.0
SILVER,2026-04-24 05:20:00+00:00,215,-2.3735627572439983,2.3735627572439983,4.799704140631134,0,0,0.0,0.0
SILVER,2026-04-23 12:40:00+00:00,300,1.7196804976922737,1.7205031853392134,4.789222167851381,0,0,99.66666666666667,0.0
SILVER,2026-04-23 09:45:00+00:00,300,-1.3739165388920467,1.615964615758092,4.779610882663654,0,0,13.333333333333334,0.0
GOLD,2026-04-23 13:05:00+00:00,300,2.7608310599973525,2.7608310599973525,4.777214799220886,0,0,100.0,0.0
SILVER,2026-04-24 05:15:00+00:00,295,-1.882130055802229,1.9061988797449747,4.767731460026958,0,0,3.728813559322034,0.0
BRENTOIL,2026-04-23 09:05:00+00:00,294,1.3890614994882873,1.5364176284673619,4.755881608904389,0,0,90.81632653061224,0.0
SILVER,2026-04-23 11:20:00+00:00,299,-2.8363421746877253,2.8363421746877253,4.735222160840991,0,0,0.0,0.0
BRENTOIL,2026-04-23 10:50:00+00:00,293,1.4442632466328744,1.459268343110689,4.709495776811234,0,0,98.63481228668942,0.0
SILVER,2026-04-24 01:15:00+00:00,72,-2.6244107466452515,2.6244107466452515,4.686336058546958,0,0,0.0,0.0
GOLD,2026-04-23 13:00:00+00:00,300,3.074761094667829,3.074761094667829,4.665656126365825,0,0,100.0,0.0
GOLD,2026-04-23 10:30:00+00:00,300,2.3695828836623356,2.3695828836623356,4.66097039910629,0,0,100.0,0.0
GOLD,2026-04-23 10:25:00+00:00,300,2.4553296657745602,2.4553296657745602,4.65848606665098,0,0,100.0,0.0
BRENTOIL,2026-04-24 03:10:00+00:00,297,2.795668091489853,2.795668091489853,4.658151765588592,0,0,100.0,0.0
BRENTOIL,2026-04-23 11:10:00+00:00,33,2.0303015024674402,2.0303015024674402,4.623683534550338,0,0,100.0,0.0
GOLD,2026-04-23 12:40:00+00:00,300,2.910228474034149,2.910228474034149,4.611976574959709,0,0,100.0,0.0
BRENTOIL,2026-04-23 10:30:00+00:00,299,2.1001332019073824,2.1484090231670225,4.606172270842368,0,0,98.32775919732441,0.0
GOLD,2026-04-24 03:35:00+00:00,300,2.0799181895622056,2.0799181895622056,4.598045296093645,0,0,100.0,0.0
BRENTOIL,2026-04-24 04:15:00+00:00,280,2.2948329756960284,2.304500000400639,4.563004563002959,0,0,99.64285714285714,0.0
WTI,2026-04-23 09:40:00+00:00,299,-0.8061581849611497,1.201702907797417,4.5491332843150545,0,0,27.424749163879596,0.0
GOLD,2026-04-24 03:05:00+00:00,300,2.3005568181339995,2.3190242006031405,4.548933141386158,0,0,98.0,0.0
BRENTOIL,2026-04-24 04:25:00+00:00,279,-2.628815765654819,2.6298957865640196,4.5180722891557945,0,0,0.35842293906810035,0.0
BRENTOIL,2026-04-23 10:25:00+00:00,298,0.4644809385143726,0.6903867650751631,4.504965700828922,0,0,70.46979865771812,0.0
GOLD,2026-04-23 11:00:00+00:00,271,2.1779665344193146,2.1779665344193146,4.490756703146026,0,0,100.0,0.0
WTI,2026-04-24 05:00:00+00:00,297,-1.5443175790049952,1.6446992462579162,4.47571663509283,0,0,7.07070707070707,0.0
SILVER,2026-04-24 05:10:00+00:00,298,-1.908642508592578,1.9322036405869176,4.461488935106894,0,0,5.033557046979865,0.0
WTI,2026-04-24 03:40:00+00:00,27,-3.053636058064799,3.053636058064799,4.453535641231188,0,0,0.0,0.0
SILVER,2026-04-23 08:55:00+00:00,298,-2.0388131986034113,2.0388131986034113,4.449361774040428,0,0,0.0,0.0
GOLD,2026-04-24 04:15:00+00:00,298,1.7710893153471552,1.8141156634825175,4.399490900759417,0,0,95.9731543624161,0.0
BRENTOIL,2026-04-23 09:55:00+00:00,299,1.4526164040082548,1.4768017192436151,4.378149977091184,0,0,97.65886287625418,0.0
BRENTOIL,2026-04-24 04:50:00+00:00,293,1.9766214805354103,1.9786808978129935,4.376037422664236,0,0,99.65870307167235,0.0
SILVER,2026-04-23 10:55:00+00:00,216,-0.8122973581259095,0.8468802013075811,4.372881150999097,0,0,3.2407407407407405,0.0
SILVER,2026-04-23 10:30:00+00:00,299,-1.26632404594648,1.2890768379485456,4.351327087714907,0,0,4.013377926421405,0.0
GOLD,2026-04-24 02:35:00+00:00,205,3.2072448471275785,3.2072448471275785,4.34317252212546,0,0,100.0,0.0
GOLD,2026-04-23 12:50:00+00:00,300,2.6689214407212685,2.6689214407212685,4.339704921183518,0,0,100.0,0.0
GOLD,2026-04-24 03:25:00+00:00,300,0.5207059321302239,1.0755320579255028,4.331712951823885,0,0,50.0,0.0
GOLD,2026-04-23 10:35:00+00:00,300,2.648058602696383,2.648058602696383,4.304805825552371,0,0,100.0,0.0
GOLD,2026-04-24 04:00:00+00:00,138,2.2033615196230723,2.2033615196230723,4.292125715401607,0,0,100.0,0.0
GOLD,2026-04-23 11:50:00+00:00,300,2.8961492662599655,2.8962200173142327,4.283627002117374,0,0,99.66666666666667,0.0
BRENTOIL,2026-04-23 08:55:00+00:00,299,0.7135870634590801,1.1596548020376947,4.282000305856348,0,0,71.90635451505017,0.0
GOLD,2026-04-24 04:30:00+00:00,300,1.5735415709381677,1.6120776890036843,4.28005505073159,0,0,95.33333333333334,0.0
SILVER,2026-04-23 10:25:00+00:00,300,-1.052634465173256,1.118174164135351,4.27648909629208,0,0,5.333333333333334,0.0
SILVER,2026-04-23 10:00:00+00:00,299,-1.7096054442839332,1.7253072765487483,4.260893939525001,0,0,0.6688963210702341,0.0
GOLD,2026-04-24 04:05:00+00:00,300,1.3585565438644012,1.5664792410393868,4.248838525944265,0,0,89.0,0.0
GOLD,2026-04-23 13:15:00+00:00,225,2.4082234337539234,2.4082234337539234,4.2417299488350935,0,0,100.0,0.0
BRENTOIL,2026-04-23 09:40:00+00:00,299,1.7524259309448211,1.7746357749697104,4.236855538539697,0,0,97.9933110367893,0.0
SILVER,2026-04-23 08:15:00+00:00,121,-2.411549773886944,2.411549773886944,4.175677858270221,0,0,0.0,0.0
GOLD,2026-04-24 02:40:00+00:00,199,2.474227345160445,2.474227345160445,4.17383210093103,0,0,100.0,0.0
GOLD,2026-04-23 10:15:00+00:00,300,2.5954237850422572,2.5954237850422572,4.135922619872279,0,0,100.0,0.0
GOLD,2026-04-23 08:55:00+00:00,299,2.348824836407618,2.348824836407618,4.132578208244642,0,0,100.0,0.0
GOLD,2026-04-24 05:05:00+00:00,298,1.9479030893725708,1.9479030893725708,4.130003081452838,0,0,100.0,0.0
SILVER,2026-04-23 12:30:00+00:00,300,1.6577749794725372,1.6936546676422823,4.122488630644572,0,0,95.66666666666667,0.0
SILVER,2026-04-24 01:20:00+00:00,181,-1.8894342191123865,1.9232432739974943,4.103650263097558,0,0,3.314917127071823,0.0
GOLD,2026-04-24 04:20:00+00:00,298,2.387109866664703,2.387109866664703,4.1029838226736,0,0,100.0,0.0
BRENTOIL,2026-04-23 10:20:00+00:00,279,0.7580861538157643,0.9162588524940644,4.082049188693926,0,0,76.70250896057348,0.0
GOLD,2026-04-23 12:55:00+00:00,299,2.9068757297644687,2.9068757297644687,4.072486031161393,0,0,100.0,0.0
BRENTOIL,2026-04-24 03:35:00+00:00,297,0.7205895660226446,1.0419465947124513,4.060150375939653,0,0,69.6969696969697,0.0
GOLD,2026-04-24 04:55:00+00:00,298,0.8593961144309211,0.8663561135588322,4.03177078153405,0,0,98.65771812080537,0.0
BRENTOIL,2026-04-24 04:00:00+00:00,135,-1.4536068725623768,1.4580613395575737,4.009020295665522,0,0,0.7407407407407408,0.0
SILVER,2026-04-23 09:55:00+00:00,300,-1.6894860643182057,1.6894860643182057,4.008334686007586,0,0,0.0,0.0
BRENTOIL,2026-04-24 01:20:00+00:00,179,0.1316201359079499,0.8752882519316424,3.9938095951264074,0,0,56.98324022346368,0.0
SILVER,2026-04-23 12:20:00+00:00,300,0.8518783897253875,0.9508216278889832,3.981820927900781,0,0,88.33333333333333,0.0
GOLD,2026-04-23 11:45:00+00:00,300,2.052317756370307,2.052317756370307,3.9590845068171454,0,0,100.0,0.0
GOLD,2026-04-24 04:45:00+00:00,300,-0.7505113248329772,0.8776713440612186,3.9589129039163673,0,0,17.333333333333336,0.0
BRENTOIL,2026-04-23 11:05:00+00:00,232,1.948543885904367,2.003408276694847,3.9503386004535734,0,0,97.41379310344827,0.0
SILVER,2026-04-23 09:30:00+00:00,225,-0.9737584304737812,1.0238096136322157,3.9490473667413983,0,0,4.0,0.0
GOLD,2026-04-23 11:05:00+00:00,232,2.095205209749858,2.104922348241676,3.927031706789652,0,0,98.70689655172413,0.0
GOLD,2026-04-24 02:55:00+00:00,33,3.200960879395348,3.200960879395348,3.9121623354976265,0,0,100.0,0.0
GOLD,2026-04-24 05:10:00+00:00,298,0.7945892490268073,1.2646374175580204,3.907232662323512,0,0,71.14093959731544,0.0
SILVER,2026-04-23 09:10:00+00:00,296,-1.6726003465845758,1.6731393353366293,3.8865912601515618,0,0,0.6756756756756757,0.0
WTI,2026-04-24 02:40:00+00:00,186,-0.9021039157042161,1.5469547152876089,3.8834147124455765,0,0,24.731182795698924,0.0
WTI,2026-04-24 04:15:00+00:00,287,2.2852403241807075,2.2852403241807075,3.88080244645872,0,0,100.0,0.0
BRENTOIL,2026-04-24 04:30:00+00:00,291,-0.10940252437957847,1.8012381681638503,3.867209080409273,0,0,58.4192439862543,0.0
SILVER,2026-04-23 12:35:00+00:00,299,2.03503655387614,2.044162124769843,3.8669885907594015,0,0,99.33110367892976,0.0
WTI,2026-04-24 02:35:00+00:00,200,-1.239412942661744,1.2751438122738934,3.8310209153025188,0,0,5.5,0.0
BRENTOIL,2026-04-23 09:50:00+00:00,300,1.6650356453572823,1.683715438712674,3.821461326811715,0,0,98.0,0.0
WTI,2026-04-24 04:55:00+00:00,291,-1.480335337124853,1.5809116224883668,3.7473846378033304,0,0,10.309278350515463,0.0
GOLD,2026-04-24 04:10:00+00:00,300,1.575909630723371,1.6151239972869935,3.745558837378038,0,0,88.0,0.0
SILVER,2026-04-23 12:10:00+00:00,300,-0.21764384591180055,0.6363784845583087,3.733714128506538,0,0,37.666666666666664,0.0
SILVER,2026-04-23 09:25:00+00:00,266,-1.5418635076154281,1.5418635076154281,3.691750723464615,0,0,0.0,0.0
WTI,2026-04-24 04:35:00+00:00,295,-1.598457949324145,1.6315075984360765,3.6791567994454155,0,0,5.423728813559322,0.0
WTI,2026-04-24 04:05:00+00:00,295,-1.2931811240443805,1.3612659734454433,3.6740924732847624,0,0,8.47457627118644,0.0
GOLD,2026-04-23 08:40:00+00:00,118,2.3395321857082485,2.3395321857082485,3.6313905040175065,0,0,100.0,0.0
SILVER,2026-04-24 05:05:00+00:00,298,-1.3205186441611056,1.3605934397929442,3.588776867464727,0,0,5.369127516778524,0.0
WTI,2026-04-24 04:40:00+00:00,293,-1.429161221741691,1.4957575096075624,3.5760745067359156,0,0,9.556313993174061,0.0
SILVER,2026-04-23 10:40:00+00:00,300,-1.0327380159647293,1.0751962956031536,3.5559968868248415,0,0,6.0,0.0
SILVER,2026-04-23 10:05:00+00:00,300,-1.1149448572763083,1.1550148674293714,3.5442058219403716,0,0,4.0,0.0
SILVER,2026-04-23 09:35:00+00:00,300,-1.3998683138733794,1.4063101763559627,3.5160184104288117,0,0,1.3333333333333335,0.0
SILVER,2026-04-23 10:50:00+00:00,298,-0.7873650666418807,0.9419548412525007,3.5065044986681837,0,0,16.10738255033557,0.0
GOLD,2026-04-23 10:55:00+00:00,216,2.0288223920753023,2.0288223920753023,3.5050674325987075,0,0,100.0,0.0
SILVER,2026-04-23 13:05:00+00:00,300,1.1483863199415005,1.186881339778493,3.4887686475970625,0,0,95.0,0.0
BRENTOIL,2026-04-25 07:45:00+00:00,129,-1.8511455733030422,1.8511455733030422,3.4820673531310575,0,0,0.0,0.0
BRENTOIL,2026-04-24 05:20:00+00:00,211,-0.7873474447593746,0.9004942660372539,3.4762456546921783,0,0,13.270142180094787,0.0
SILVER,2026-04-23 10:15:00+00:00,300,-1.1908501221501666,1.2293100141553084,3.467660729408184,0,0,4.0,0.0
WTI,2026-04-24 02:30:00+00:00,6,-3.1048858955812215,3.1048858955812215,3.4670116429502684,0,0,0.0,0.0
GOLD,2026-04-23 08:15:00+00:00,121,2.9157687431654065,2.9157687431654065,3.4625048840375428,0,0,100.0,0.0
SILVER,2026-04-23 09:40:00+00:00,300,-1.5234271464007725,1.5279289975540251,3.410855793651857,0,0,2.0,0.0
WTI,2026-04-24 04:25:00+00:00,278,-0.7874478967947918,1.088004062190624,3.367648811219981,0,0,26.258992805755394,0.0
GOLD,2026-04-23 09:20:00+00:00,300,1.4371044890408597,1.4402936153582346,3.3590077746148417,0,0,99.33333333333333,0.0
WTI,2026-04-24 01:20:00+00:00,181,0.4112354154599577,0.8170209893344732,3.3071004480089705,0,0,65.74585635359117,0.0
GOLD,2026-04-23 11:15:00+00:00,299,1.5136344994732582,1.5448570493713172,3.2668506176691814,0,0,89.96655518394648,0.0
GOLD,2026-04-23 09:00:00+00:00,298,1.469876657712178,1.478009516323113,3.2655301487150012,0,0,96.97986577181209,0.0
GOLD,2026-04-23 09:50:00+00:00,300,1.019422982363542,1.1616299252125741,3.245630370587449,0,0,88.33333333333333,0.0
GOLD,2026-04-23 09:05:00+00:00,294,1.5760037257199213,1.5801283001413895,3.2443184537900294,0,0,98.9795918367347,0.0
GOLD,2026-04-23 11:10:00+00:00,33,2.3282829270191803,2.3282829270191803,3.191523314076683,0,0,100.0,0.0
SILVER,2026-04-23 11:05:00+00:00,232,-0.7333096954043576,0.8336043901231811,3.184446492917603,0,0,12.5,0.0
BRENTOIL,2026-04-24 05:10:00+00:00,291,-1.0785350663120823,1.1304473304160003,3.1706089582284047,0,0,5.498281786941581,0.0
SILVER,2026-04-23 13:15:00+00:00,225,0.8456964588582534,0.9216162789536655,3.154307268875556,0,0,93.33333333333333,0.0
GOLD,2026-04-23 09:10:00+00:00,297,1.3573602974704941,1.3782678076745525,3.1375802343069914,0,0,97.97979797979798,0.0
GOLD,2026-04-23 08:50:00+00:00,34,2.505291567135108,2.505291567135108,3.102165353914277,0,0,100.0,0.0
GOLD,2026-04-24 03:15:00+00:00,300,0.5123110229048619,0.9311435731677253,3.0289181410791954,0,0,65.0,0.0
WTI,2026-04-24 01:15:00+00:00,72,0.8093632197723405,1.0520573657151848,2.998268241618529,0,0,83.33333333333334,0.0
GOLD,2026-04-24 04:40:00+00:00,300,-0.8563431174014738,1.3783633811255507,2.976547376356553,0,0,32.33333333333333,0.0
GOLD,2026-04-23 11:30:00+00:00,34,1.9494035864332058,1.9494035864332058,2.925547476315682,0,0,100.0,0.0
GOLD,2026-04-23 09:15:00+00:00,299,1.1193368158285886,1.288304674548577,2.9050062941804455,0,0,87.95986622073578,0.0
GOLD,2026-04-23 09:30:00+00:00,227,1.4227188013957255,1.4554917622265646,2.8386045972661478,0,0,97.79735682819384,0.0
SILVER,2026-04-23 10:45:00+00:00,300,-0.6812827366517745,0.942619312669905,2.8381014107969893,0,0,22.333333333333332,0.0
WTI,2026-04-24 04:30:00+00:00,294,-0.9913618827250724,1.164978045319082,2.7998714133126157,0,0,14.625850340136054,0.0
GOLD,2026-04-23 09:25:00+00:00,268,0.8634190877955134,1.0484784102812688,2.7856397083358964,0,0,73.50746268656717,0.0
GOLD,2026-04-23 11:40:00+00:00,271,1.5313056598093973,1.5597659273124032,2.761638713923986,0,0,95.9409594095941,0.0
GOLD,2026-04-24 05:15:00+00:00,295,0.27583475265575813,0.9028575153804321,2.758980588754012,0,0,65.08474576271186,0.0
SILVER,2026-04-23 12:55:00+00:00,299,0.6781625204682636,0.7776870903740792,2.7442102703867377,0,0,87.95986622073578,0.0
GOLD,2026-04-24 04:50:00+00:00,298,0.50121261784506,0.671509604221782,2.7053702133383872,0,0,81.20805369127517,0.0
BRENTOIL,2026-04-23 08:50:00+00:00,34,0.3133439381691423,0.7963660896995673,2.65238459576711,0,0,61.76470588235294,0.0
SILVER,2026-04-23 08:50:00+00:00,34,-1.9999896706369247,1.9999896706369247,2.634447614439095,0,0,0.0,0.0
GOLD,2026-04-25 07:45:00+00:00,274,-1.9547086803681,1.9547086803681,2.6311936494882726,0,0,0.0,0.0
GOLD,2026-04-23 10:00:00+00:00,300,-0.2272632085855856,0.9504370451607791,2.628434123674861,0,0,36.333333333333336,0.0
GOLD,2026-04-24 05:20:00+00:00,216,-0.2570017370551695,0.8353913891295703,2.523292340524952,0,0,41.66666666666667,0.0
GOLD,2026-04-23 09:55:00+00:00,300,0.7178593811476749,0.7860739290033281,2.511723148508338,0,0,93.0,0.0
BRENTOIL,2026-04-24 01:15:00+00:00,72,0.10346320574798772,0.8667346273710488,2.4525752039628035,0,0,63.888888888888886,0.0
GOLD,2026-04-24 03:40:00+00:00,28,2.1436670009477337,2.1436670009477337,2.4048096192386126,0,0,100.0,0.0
GOLD,2026-04-23 09:35:00+00:00,300,1.4967620271735669,1.5041332484762804,2.4035291465129838,0,0,99.0,0.0
GOLD,2026-04-23 09:45:00+00:00,300,0.28893250371844204,0.8080622670230426,2.3930442181385736,0,0,72.66666666666667,0.0
GOLD,2026-04-24 04:35:00+00:00,299,-0.1666082207452941,0.5590836096983048,2.3916594362760613,0,0,31.103678929765888,0.0
GOLD,2026-04-24 03:20:00+00:00,300,0.5118126632344492,0.8443828450521051,2.3833112636573173,0,0,63.66666666666667,0.0
GOLD,2026-04-24 05:00:00+00:00,297,1.1090255082425984,1.1903751813928598,2.363613612275106,0,0,89.22558922558923,0.0
GOLD,2026-04-24 02:30:00+00:00,6,1.9901812421359761,1.9901812421359761,2.27098986370855,0,0,100.0,0.0
SILVER,2026-04-23 11:10:00+00:00,33,-0.6079926646965133,0.6477999559254913,2.2452405926098873,0,0,12.121212121212121,0.0
GOLD,2026-04-23 09:40:00+00:00,300,1.513026321765006,1.513026321765006,2.233044809765161,0,0,100.0,0.0
BRENTOIL,2026-04-24 02:55:00+00:00,33,1.3799365078016839,1.3799365078016839,2.0541082164338142,0,0,100.0,0.0
GOLD,2026-04-25 07:40:00+00:00,107,-1.122328804582559,1.122328804582559,1.973357551168231,0,0,0.0,0.0
BRENTOIL,2026-04-24 02:30:00+00:00,5,1.602162919942085,1.602162919942085,1.9526360586796798,0,0,100.0,0.0
BRENTOIL,2026-04-24 05:15:00+00:00,287,-0.3890927290286451,0.5859581589298406,1.9148400100776897,0,0,21.602787456445995,0.0
BRENTOIL,2026-04-24 03:40:00+00:00,28,0.10203506838541669,0.6893418869367641,1.1029227452752366,0,0,67.85714285714286,0.0
WTI,2026-04-24 02:55:00+00:00,33,0.30622568864361693,0.30622568864361693,0.5700545179410099,0,0,93.93939393939394,0.0
BRENTOIL,2026-04-25 07:40:00+00:00,52,0.009592310493133915,0.44978706796577467,0.4976609933304843,0,0,46.15384615384615,0.0
